sample,strain,growthcondition,rfu,exp,rfu_exp
3_1,Pa299R(pMRE),NB,116,50,2.32
3_1,Pa299R(pMRE),NB,42,50,0.84
3_1,Pa299R(pMRE),NB,80,50,1.6
3_1,Pa299R(pMRE),NB,118,50,2.36
3_1,Pa299R(pMRE),NB,55,50,1.1
3_1,Pa299R(pMRE),NB,78,50,1.56
3_1,Pa299R(pMRE),NB,79,50,1.58
3_1,Pa299R(pMRE),NB,69,50,1.38
3_1,Pa299R(pMRE),NB,43,50,0.86
3_1,Pa299R(pMRE),NB,171,50,3.42
3_1,Pa299R(pMRE),NB,54,50,1.08
3_1,Pa299R(pMRE),NB,42,50,0.84
3_1,Pa299R(pMRE),NB,68,50,1.36
3_1,Pa299R(pMRE),NB,28,50,0.56
3_1,Pa299R(pMRE),NB,11,50,0.22
3_1,Pa299R(pMRE),NB,75,50,1.5
3_1,Pa299R(pMRE),NB,55,50,1.1
3_1,Pa299R(pMRE),NB,23,50,0.46
3_2,Pa299R(pMRE),NB,28,50,0.56
3_2,Pa299R(pMRE),NB,32,50,0.64
3_2,Pa299R(pMRE),NB,40,50,0.8
3_2,Pa299R(pMRE),NB,61,50,1.22
3_2,Pa299R(pMRE),NB,77,50,1.54
3_2,Pa299R(pMRE),NB,94,50,1.88
3_2,Pa299R(pMRE),NB,29,50,0.58
3_2,Pa299R(pMRE),NB,21,50,0.42
3_2,Pa299R(pMRE),NB,47,50,0.94
3_2,Pa299R(pMRE),NB,94,50,1.88
3_2,Pa299R(pMRE),NB,117,50,2.34
3_2,Pa299R(pMRE),NB,64,50,1.28
3_2,Pa299R(pMRE),NB,77,50,1.54
3_2,Pa299R(pMRE),NB,79,50,1.58
3_2,Pa299R(pMRE),NB,50,50,1
3_2,Pa299R(pMRE),NB,11,50,0.22
3_2,Pa299R(pMRE),NB,22,50,0.44
3_2,Pa299R(pMRE),NB,63,50,1.26
3_2,Pa299R(pMRE),NB,22,50,0.44
3_2,Pa299R(pMRE),NB,80,50,1.6
3_2,Pa299R(pMRE),NB,73,50,1.46
3_2,Pa299R(pMRE),NB,74,50,1.48
3_2,Pa299R(pMRE),NB,157,50,3.14
3_2,Pa299R(pMRE),NB,92,50,1.84
3_2,Pa299R(pMRE),NB,71,50,1.42
3_2,Pa299R(pMRE),NB,67,50,1.34
3_2,Pa299R(pMRE),NB,42,50,0.84
3_2,Pa299R(pMRE),NB,42,50,0.84
3_2,Pa299R(pMRE),NB,140,50,2.8
3_2,Pa299R(pMRE),NB,60,50,1.2
3_2,Pa299R(pMRE),NB,50,50,1
3_2,Pa299R(pMRE),NB,73,50,1.46
3_2,Pa299R(pMRE),NB,77,50,1.54
3_2,Pa299R(pMRE),NB,132,50,2.64
3_2,Pa299R(pMRE),NB,19,50,0.38
3_2,Pa299R(pMRE),NB,51,50,1.02
3_2,Pa299R(pMRE),NB,113,50,2.26
3_2,Pa299R(pMRE),NB,41,50,0.82
3_2,Pa299R(pMRE),NB,37,50,0.74
3_2,Pa299R(pMRE),NB,30,50,0.6
3_2,Pa299R(pMRE),NB,27,50,0.54
3_2,Pa299R(pMRE),NB,35,50,0.7
3_2,Pa299R(pMRE),NB,58,50,1.16
3_2,Pa299R(pMRE),NB,45,50,0.9
3_2,Pa299R(pMRE),NB,54,50,1.08
3_2,Pa299R(pMRE),NB,48,50,0.96
3_2,Pa299R(pMRE),NB,43,50,0.86
3_2,Pa299R(pMRE),NB,35,50,0.7
3_2,Pa299R(pMRE),NB,16,50,0.32
3_2,Pa299R(pMRE),NB,50,50,1
3_3,Pa299R(pMRE),NB,113,50,2.26
3_3,Pa299R(pMRE),NB,30,50,0.6
3_3,Pa299R(pMRE),NB,85,50,1.7
3_3,Pa299R(pMRE),NB,63,50,1.26
3_3,Pa299R(pMRE),NB,120,50,2.4
3_3,Pa299R(pMRE),NB,60,50,1.2
3_3,Pa299R(pMRE),NB,80,50,1.6
3_3,Pa299R(pMRE),NB,77,50,1.54
3_3,Pa299R(pMRE),NB,75,50,1.5
3_3,Pa299R(pMRE),NB,47,50,0.94
3_3,Pa299R(pMRE),NB,54,50,1.08
3_3,Pa299R(pMRE),NB,60,50,1.2
3_3,Pa299R(pMRE),NB,51,50,1.02
3_3,Pa299R(pMRE),NB,15,50,0.3
3_3,Pa299R(pMRE),NB,14,50,0.28
3_3,Pa299R(pMRE),NB,85,50,1.7
3_3,Pa299R(pMRE),NB,158,50,3.16
3_3,Pa299R(pMRE),NB,81,50,1.62
3_3,Pa299R(pMRE),NB,107,50,2.14
3_3,Pa299R(pMRE),NB,62,50,1.24
3_3,Pa299R(pMRE),NB,100,50,2
3_3,Pa299R(pMRE),NB,35,50,0.7
3_3,Pa299R(pMRE),NB,35,50,0.7
3_3,Pa299R(pMRE),NB,25,50,0.5
3_3,Pa299R(pMRE),NB,26,50,0.52
3_3,Pa299R(pMRE),NB,27,50,0.54
3_3,Pa299R(pMRE),NB,27,50,0.54
3_3,Pa299R(pMRE),NB,33,50,0.66
3_3,Pa299R(pMRE),NB,30,50,0.6
3_3,Pa299R(pMRE),NB,27,50,0.54
3_3,Pa299R(pMRE),NB,37,50,0.74
3_3,Pa299R(pMRE),NB,33,50,0.66
3_3,Pa299R(pMRE),NB,25,50,0.5
3_3,Pa299R(pMRE),NB,36,50,0.72
3_3,Pa299R(pMRE),NB,39,50,0.78
3_3,Pa299R(pMRE),NB,28,50,0.56
3_3,Pa299R(pMRE),NB,30,50,0.6
3_3,Pa299R(pMRE),NB,33,50,0.66
3_3,Pa299R(pMRE),NB,89,50,1.78
3_3,Pa299R(pMRE),NB,118,50,2.36
3_3,Pa299R(pMRE),NB,100,50,2
3_3,Pa299R(pMRE),NB,84,50,1.68
3_3,Pa299R(pMRE),NB,90,50,1.8
3_3,Pa299R(pMRE),NB,87,50,1.74
3_3,Pa299R(pMRE),NB,19,50,0.38
3_3,Pa299R(pMRE),NB,19,50,0.38
3_3,Pa299R(pMRE),NB,15,50,0.3
3_3,Pa299R(pMRE),NB,17,50,0.34
3_3,Pa299R(pMRE),NB,16,50,0.32
3_3,Pa299R(pMRE),NB,38,50,0.76
3_3,Pa299R(pMRE),NB,55,50,1.1
3_3,Pa299R(pMRE),NB,44,50,0.88
3_3,Pa299R(pMRE),NB,10,50,0.2
3_3,Pa299R(pMRE),NB,35,50,0.7
3_3,Pa299R(pMRE),NB,40,50,0.8
3_3,Pa299R(pMRE),NB,58,50,1.16
3_3,Pa299R(pMRE),NB,31,50,0.62
3_3,Pa299R(pMRE),NB,70,50,1.4
3_3,Pa299R(pMRE),NB,46,50,0.92
3_4,Pa299R(pMRE),NB,81,50,1.62
3_4,Pa299R(pMRE),NB,67,50,1.34
3_4,Pa299R(pMRE),NB,64,50,1.28
3_4,Pa299R(pMRE),NB,160,50,3.2
3_4,Pa299R(pMRE),NB,123,50,2.46
3_4,Pa299R(pMRE),NB,157,50,3.14
3_5,Pa299R(pMRE),NB,41,50,0.82
3_5,Pa299R(pMRE),NB,76,50,1.52
3_5,Pa299R(pMRE),NB,64,50,1.28
3_5,Pa299R(pMRE),NB,38,50,0.76
3_5,Pa299R(pMRE),NB,78,50,1.56
3_5,Pa299R(pMRE),NB,84,50,1.68
3_5,Pa299R(pMRE),NB,50,50,1
3_5,Pa299R(pMRE),NB,60,50,1.2
3_5,Pa299R(pMRE),NB,43,50,0.86
3_5,Pa299R(pMRE),NB,49,50,0.98
3_5,Pa299R(pMRE),NB,31,50,0.62
4_1,Pa299R(pMRE),NB+Cm,117,50,2.34
4_1,Pa299R(pMRE),NB+Cm,133,50,2.66
4_1,Pa299R(pMRE),NB+Cm,103,50,2.06
4_1,Pa299R(pMRE),NB+Cm,141,50,2.82
4_2,Pa299R(pMRE),NB+Cm,68,50,1.36
4_2,Pa299R(pMRE),NB+Cm,92,50,1.84
4_2,Pa299R(pMRE),NB+Cm,51,50,1.02
4_2,Pa299R(pMRE),NB+Cm,129,50,2.58
4_2,Pa299R(pMRE),NB+Cm,82,50,1.64
4_2,Pa299R(pMRE),NB+Cm,121,50,2.42
4_2,Pa299R(pMRE),NB+Cm,38,50,0.76
4_2,Pa299R(pMRE),NB+Cm,88,50,1.76
4_2,Pa299R(pMRE),NB+Cm,83,50,1.66
4_2,Pa299R(pMRE),NB+Cm,76,50,1.52
4_2,Pa299R(pMRE),NB+Cm,27,50,0.54
4_2,Pa299R(pMRE),NB+Cm,53,50,1.06
4_2,Pa299R(pMRE),NB+Cm,39,50,0.78
4_2,Pa299R(pMRE),NB+Cm,18,50,0.36
4_2,Pa299R(pMRE),NB+Cm,91,50,1.82
4_2,Pa299R(pMRE),NB+Cm,44,50,0.88
4_2,Pa299R(pMRE),NB+Cm,146,50,2.92
4_2,Pa299R(pMRE),NB+Cm,37,50,0.74
4_3,Pa299R(pMRE),NB+Cm,153,50,3.06
4_3,Pa299R(pMRE),NB+Cm,88,50,1.76
4_3,Pa299R(pMRE),NB+Cm,117,50,2.34
4_3,Pa299R(pMRE),NB+Cm,71,50,1.42
4_3,Pa299R(pMRE),NB+Cm,143,50,2.86
4_3,Pa299R(pMRE),NB+Cm,108,50,2.16
4_3,Pa299R(pMRE),NB+Cm,125,50,2.5
4_3,Pa299R(pMRE),NB+Cm,90,50,1.8
4_3,Pa299R(pMRE),NB+Cm,100,50,2
4_3,Pa299R(pMRE),NB+Cm,154,50,3.08
4_4,Pa299R(pMRE),NB+Cm,24,50,0.48
4_4,Pa299R(pMRE),NB+Cm,59,50,1.18
4_4,Pa299R(pMRE),NB+Cm,20,50,0.4
4_4,Pa299R(pMRE),NB+Cm,32,50,0.64
4_4,Pa299R(pMRE),NB+Cm,45,50,0.9
4_4,Pa299R(pMRE),NB+Cm,18,50,0.36
4_4,Pa299R(pMRE),NB+Cm,27,50,0.54
4_4,Pa299R(pMRE),NB+Cm,117,50,2.34
4_4,Pa299R(pMRE),NB+Cm,88,50,1.76
4_4,Pa299R(pMRE),NB+Cm,41,50,0.82
4_4,Pa299R(pMRE),NB+Cm,54,50,1.08
4_4,Pa299R(pMRE),NB+Cm,23,50,0.46
4_4,Pa299R(pMRE),NB+Cm,73,50,1.46
4_4,Pa299R(pMRE),NB+Cm,53,50,1.06
4_4,Pa299R(pMRE),NB+Cm,48,50,0.96
4_5,Pa299R(pMRE),NB+Cm,124,50,2.48
4_5,Pa299R(pMRE),NB+Cm,113,50,2.26
4_5,Pa299R(pMRE),NB+Cm,97,50,1.94
4_5,Pa299R(pMRE),NB+Cm,81,50,1.62
4_5,Pa299R(pMRE),NB+Cm,108,50,2.16
4_5,Pa299R(pMRE),NB+Cm,75,50,1.5
4_5,Pa299R(pMRE),NB+Cm,92,50,1.84
4_5,Pa299R(pMRE),NB+Cm,84,50,1.68
4_5,Pa299R(pMRE),NB+Cm,87,50,1.74
4_5,Pa299R(pMRE),NB+Cm,80,50,1.6
4_5,Pa299R(pMRE),NB+Cm,74,50,1.48
4_5,Pa299R(pMRE),NB+Cm,99,50,1.98
4_5,Pa299R(pMRE),NB+Cm,117,50,2.34
4_5,Pa299R(pMRE),NB+Cm,25,50,0.5
4_5,Pa299R(pMRE),NB+Cm,133,50,2.66
5_1,Pa299R::Tn5,NB,24,100,0.24
5_1,Pa299R::Tn5,NB,42,100,0.42
5_1,Pa299R::Tn5,NB,19,100,0.19
5_1,Pa299R::Tn5,NB,51,100,0.51
5_1,Pa299R::Tn5,NB,34,100,0.34
5_1,Pa299R::Tn5,NB,14,100,0.14
5_1,Pa299R::Tn5,NB,25,100,0.25
5_1,Pa299R::Tn5,NB,16,100,0.16
5_1,Pa299R::Tn5,NB,16,100,0.16
5_1,Pa299R::Tn5,NB,41,100,0.41
5_1,Pa299R::Tn5,NB,113,100,1.13
5_1,Pa299R::Tn5,NB,100,100,1
5_1,Pa299R::Tn5,NB,90,100,0.9
5_1,Pa299R::Tn5,NB,78,100,0.78
5_1,Pa299R::Tn5,NB,98,100,0.98
5_1,Pa299R::Tn5,NB,104,100,1.04
5_1,Pa299R::Tn5,NB,80,100,0.8
5_1,Pa299R::Tn5,NB,112,100,1.12
5_1,Pa299R::Tn5,NB,99,100,0.99
5_1,Pa299R::Tn5,NB,122,100,1.22
5_1,Pa299R::Tn5,NB,94,100,0.94
5_1,Pa299R::Tn5,NB,86,100,0.86
5_1,Pa299R::Tn5,NB,82,100,0.82
5_1,Pa299R::Tn5,NB,111,100,1.11
5_1,Pa299R::Tn5,NB,93,100,0.93
5_1,Pa299R::Tn5,NB,103,100,1.03
5_1,Pa299R::Tn5,NB,86,100,0.86
5_1,Pa299R::Tn5,NB,100,100,1
5_1,Pa299R::Tn5,NB,95,100,0.95
5_1,Pa299R::Tn5,NB,83,100,0.83
5_1,Pa299R::Tn5,NB,79,100,0.79
5_1,Pa299R::Tn5,NB,97,100,0.97
5_1,Pa299R::Tn5,NB,87,100,0.87
5_1,Pa299R::Tn5,NB,86,100,0.86
5_1,Pa299R::Tn5,NB,90,100,0.9
5_1,Pa299R::Tn5,NB,107,100,1.07
5_1,Pa299R::Tn5,NB,70,100,0.7
5_1,Pa299R::Tn5,NB,96,100,0.96
5_1,Pa299R::Tn5,NB,93,100,0.93
5_1,Pa299R::Tn5,NB,89,100,0.89
5_1,Pa299R::Tn5,NB,78,100,0.78
5_1,Pa299R::Tn5,NB,86,100,0.86
5_1,Pa299R::Tn5,NB,103,100,1.03
5_1,Pa299R::Tn5,NB,92,100,0.92
5_1,Pa299R::Tn5,NB,74,100,0.74
5_1,Pa299R::Tn5,NB,92,100,0.92
5_1,Pa299R::Tn5,NB,106,100,1.06
5_1,Pa299R::Tn5,NB,82,100,0.82
5_1,Pa299R::Tn5,NB,89,100,0.89
5_1,Pa299R::Tn5,NB,91,100,0.91
5_1,Pa299R::Tn5,NB,95,100,0.95
5_1,Pa299R::Tn5,NB,91,100,0.91
5_1,Pa299R::Tn5,NB,87,100,0.87
5_1,Pa299R::Tn5,NB,75,100,0.75
5_1,Pa299R::Tn5,NB,72,100,0.72
5_1,Pa299R::Tn5,NB,96,100,0.96
5_1,Pa299R::Tn5,NB,75,100,0.75
5_1,Pa299R::Tn5,NB,81,100,0.81
5_1,Pa299R::Tn5,NB,83,100,0.83
5_1,Pa299R::Tn5,NB,82,100,0.82
5_1,Pa299R::Tn5,NB,86,100,0.86
5_1,Pa299R::Tn5,NB,77,100,0.77
5_1,Pa299R::Tn5,NB,82,100,0.82
5_1,Pa299R::Tn5,NB,75,100,0.75
5_2,Pa299R::Tn5,NB,131,100,1.31
5_2,Pa299R::Tn5,NB,117,100,1.17
5_2,Pa299R::Tn5,NB,141,100,1.41
5_2,Pa299R::Tn5,NB,109,100,1.09
5_2,Pa299R::Tn5,NB,106,100,1.06
5_2,Pa299R::Tn5,NB,120,100,1.2
5_2,Pa299R::Tn5,NB,116,100,1.16
5_2,Pa299R::Tn5,NB,110,100,1.1
5_2,Pa299R::Tn5,NB,144,100,1.44
5_2,Pa299R::Tn5,NB,116,100,1.16
5_2,Pa299R::Tn5,NB,113,100,1.13
5_2,Pa299R::Tn5,NB,109,100,1.09
5_2,Pa299R::Tn5,NB,122,100,1.22
5_2,Pa299R::Tn5,NB,123,100,1.23
5_2,Pa299R::Tn5,NB,135,100,1.35
5_2,Pa299R::Tn5,NB,101,100,1.01
5_2,Pa299R::Tn5,NB,118,100,1.18
5_2,Pa299R::Tn5,NB,109,100,1.09
5_2,Pa299R::Tn5,NB,108,100,1.08
5_2,Pa299R::Tn5,NB,111,100,1.11
5_2,Pa299R::Tn5,NB,101,100,1.01
5_2,Pa299R::Tn5,NB,114,100,1.14
5_2,Pa299R::Tn5,NB,108,100,1.08
5_2,Pa299R::Tn5,NB,100,100,1
5_2,Pa299R::Tn5,NB,107,100,1.07
5_2,Pa299R::Tn5,NB,111,100,1.11
5_2,Pa299R::Tn5,NB,97,100,0.97
5_3,Pa299R::Tn5,NB,101,100,1.01
5_3,Pa299R::Tn5,NB,113,100,1.13
5_3,Pa299R::Tn5,NB,107,100,1.07
5_3,Pa299R::Tn5,NB,101,100,1.01
5_3,Pa299R::Tn5,NB,119,100,1.19
5_3,Pa299R::Tn5,NB,117,100,1.17
5_3,Pa299R::Tn5,NB,114,100,1.14
5_3,Pa299R::Tn5,NB,106,100,1.06
5_3,Pa299R::Tn5,NB,135,100,1.35
5_3,Pa299R::Tn5,NB,110,100,1.1
5_3,Pa299R::Tn5,NB,133,100,1.33
5_3,Pa299R::Tn5,NB,107,100,1.07
5_3,Pa299R::Tn5,NB,111,100,1.11
5_3,Pa299R::Tn5,NB,112,100,1.12
5_3,Pa299R::Tn5,NB,110,100,1.1
5_3,Pa299R::Tn5,NB,126,100,1.26
5_3,Pa299R::Tn5,NB,102,100,1.02
5_3,Pa299R::Tn5,NB,132,100,1.32
5_3,Pa299R::Tn5,NB,102,100,1.02
5_3,Pa299R::Tn5,NB,124,100,1.24
5_3,Pa299R::Tn5,NB,106,100,1.06
5_3,Pa299R::Tn5,NB,95,100,0.95
5_3,Pa299R::Tn5,NB,103,100,1.03
5_3,Pa299R::Tn5,NB,132,100,1.32
5_3,Pa299R::Tn5,NB,134,100,1.34
5_3,Pa299R::Tn5,NB,145,100,1.45
5_3,Pa299R::Tn5,NB,114,100,1.14
5_3,Pa299R::Tn5,NB,111,100,1.11
5_3,Pa299R::Tn5,NB,95,100,0.95
5_3,Pa299R::Tn5,NB,137,100,1.37
5_3,Pa299R::Tn5,NB,114,100,1.14
5_4,Pa299R::Tn5,NB,78,100,0.78
5_4,Pa299R::Tn5,NB,75,100,0.75
5_4,Pa299R::Tn5,NB,73,100,0.73
5_4,Pa299R::Tn5,NB,67,100,0.67
5_4,Pa299R::Tn5,NB,62,100,0.62
5_4,Pa299R::Tn5,NB,66,100,0.66
5_4,Pa299R::Tn5,NB,62,100,0.62
5_4,Pa299R::Tn5,NB,67,100,0.67
5_4,Pa299R::Tn5,NB,75,100,0.75
5_4,Pa299R::Tn5,NB,80,100,0.8
5_4,Pa299R::Tn5,NB,99,100,0.99
5_4,Pa299R::Tn5,NB,73,100,0.73
5_4,Pa299R::Tn5,NB,71,100,0.71
5_4,Pa299R::Tn5,NB,81,100,0.81
5_4,Pa299R::Tn5,NB,68,100,0.68
5_4,Pa299R::Tn5,NB,102,100,1.02
5_4,Pa299R::Tn5,NB,89,100,0.89
5_4,Pa299R::Tn5,NB,61,100,0.61
5_4,Pa299R::Tn5,NB,86,100,0.86
5_4,Pa299R::Tn5,NB,77,100,0.77
5_4,Pa299R::Tn5,NB,80,100,0.8
5_4,Pa299R::Tn5,NB,67,100,0.67
5_4,Pa299R::Tn5,NB,64,100,0.64
5_4,Pa299R::Tn5,NB,68,100,0.68
5_4,Pa299R::Tn5,NB,66,100,0.66
5_4,Pa299R::Tn5,NB,91,100,0.91
5_4,Pa299R::Tn5,NB,71,100,0.71
5_4,Pa299R::Tn5,NB,72,100,0.72
5_4,Pa299R::Tn5,NB,65,100,0.65
5_4,Pa299R::Tn5,NB,62,100,0.62
5_4,Pa299R::Tn5,NB,100,100,1
5_4,Pa299R::Tn5,NB,102,100,1.02
5_4,Pa299R::Tn5,NB,76,100,0.76
5_4,Pa299R::Tn5,NB,75,100,0.75
5_4,Pa299R::Tn5,NB,129,100,1.29
5_4,Pa299R::Tn5,NB,98,100,0.98
5_4,Pa299R::Tn5,NB,86,100,0.86
5_4,Pa299R::Tn5,NB,83,100,0.83
5_4,Pa299R::Tn5,NB,70,100,0.7
5_4,Pa299R::Tn5,NB,79,100,0.79
5_4,Pa299R::Tn5,NB,91,100,0.91
5_4,Pa299R::Tn5,NB,87,100,0.87
5_4,Pa299R::Tn5,NB,90,100,0.9
5_4,Pa299R::Tn5,NB,81,100,0.81
5_4,Pa299R::Tn5,NB,81,100,0.81
5_4,Pa299R::Tn5,NB,63,100,0.63
5_4,Pa299R::Tn5,NB,79,100,0.79
5_4,Pa299R::Tn5,NB,79,100,0.79
5_4,Pa299R::Tn5,NB,112,100,1.12
5_4,Pa299R::Tn5,NB,83,100,0.83
5_4,Pa299R::Tn5,NB,61,100,0.61
5_4,Pa299R::Tn5,NB,81,100,0.81
5_4,Pa299R::Tn5,NB,92,100,0.92
5_4,Pa299R::Tn5,NB,62,100,0.62
5_4,Pa299R::Tn5,NB,69,100,0.69
5_4,Pa299R::Tn5,NB,90,100,0.9
5_4,Pa299R::Tn5,NB,91,100,0.91
5_4,Pa299R::Tn5,NB,61,100,0.61
5_4,Pa299R::Tn5,NB,76,100,0.76
5_4,Pa299R::Tn5,NB,72,100,0.72
5_4,Pa299R::Tn5,NB,82,100,0.82
5_4,Pa299R::Tn5,NB,68,100,0.68
5_4,Pa299R::Tn5,NB,63,100,0.63
5_4,Pa299R::Tn5,NB,73,100,0.73
5_4,Pa299R::Tn5,NB,83,100,0.83
5_4,Pa299R::Tn5,NB,74,100,0.74
5_4,Pa299R::Tn5,NB,111,100,1.11
5_4,Pa299R::Tn5,NB,78,100,0.78
5_4,Pa299R::Tn5,NB,83,100,0.83
5_4,Pa299R::Tn5,NB,88,100,0.88
5_4,Pa299R::Tn5,NB,60,100,0.6
5_4,Pa299R::Tn5,NB,80,100,0.8
5_4,Pa299R::Tn5,NB,60,100,0.6
5_4,Pa299R::Tn5,NB,81,100,0.81
5_4,Pa299R::Tn5,NB,80,100,0.8
5_4,Pa299R::Tn5,NB,90,100,0.9
5_4,Pa299R::Tn5,NB,69,100,0.69
5_4,Pa299R::Tn5,NB,67,100,0.67
5_4,Pa299R::Tn5,NB,82,100,0.82
5_4,Pa299R::Tn5,NB,72,100,0.72
5_4,Pa299R::Tn5,NB,76,100,0.76
5_4,Pa299R::Tn5,NB,82,100,0.82
5_4,Pa299R::Tn5,NB,73,100,0.73
5_4,Pa299R::Tn5,NB,102,100,1.02
5_4,Pa299R::Tn5,NB,82,100,0.82
5_4,Pa299R::Tn5,NB,85,100,0.85
5_4,Pa299R::Tn5,NB,81,100,0.81
5_4,Pa299R::Tn5,NB,85,100,0.85
5_4,Pa299R::Tn5,NB,76,100,0.76
5_4,Pa299R::Tn5,NB,62,100,0.62
5_4,Pa299R::Tn5,NB,91,100,0.91
5_4,Pa299R::Tn5,NB,85,100,0.85
5_4,Pa299R::Tn5,NB,64,100,0.64
5_4,Pa299R::Tn5,NB,87,100,0.87
5_4,Pa299R::Tn5,NB,90,100,0.9
5_4,Pa299R::Tn5,NB,65,100,0.65
5_4,Pa299R::Tn5,NB,83,100,0.83
5_4,Pa299R::Tn5,NB,67,100,0.67
5_4,Pa299R::Tn5,NB,85,100,0.85
5_4,Pa299R::Tn5,NB,88,100,0.88
5_4,Pa299R::Tn5,NB,60,100,0.6
5_4,Pa299R::Tn5,NB,66,100,0.66
5_4,Pa299R::Tn5,NB,60,100,0.6
5_4,Pa299R::Tn5,NB,71,100,0.71
5_4,Pa299R::Tn5,NB,60,100,0.6
5_4,Pa299R::Tn5,NB,71,100,0.71
5_4,Pa299R::Tn5,NB,67,100,0.67
5_4,Pa299R::Tn5,NB,69,100,0.69
5_4,Pa299R::Tn5,NB,115,100,1.15
5_4,Pa299R::Tn5,NB,66,100,0.66
5_4,Pa299R::Tn5,NB,68,100,0.68
5_4,Pa299R::Tn5,NB,69,100,0.69
5_4,Pa299R::Tn5,NB,65,100,0.65
5_4,Pa299R::Tn5,NB,62,100,0.62
5_4,Pa299R::Tn5,NB,105,100,1.05
5_4,Pa299R::Tn5,NB,93,100,0.93
5_4,Pa299R::Tn5,NB,62,100,0.62
5_4,Pa299R::Tn5,NB,92,100,0.92
5_4,Pa299R::Tn5,NB,93,100,0.93
5_4,Pa299R::Tn5,NB,87,100,0.87
5_4,Pa299R::Tn5,NB,70,100,0.7
5_4,Pa299R::Tn5,NB,67,100,0.67
5_4,Pa299R::Tn5,NB,85,100,0.85
5_4,Pa299R::Tn5,NB,65,100,0.65
5_4,Pa299R::Tn5,NB,80,100,0.8
5_4,Pa299R::Tn5,NB,72,100,0.72
5_4,Pa299R::Tn5,NB,71,100,0.71
5_4,Pa299R::Tn5,NB,66,100,0.66
5_4,Pa299R::Tn5,NB,104,100,1.04
5_4,Pa299R::Tn5,NB,79,100,0.79
5_4,Pa299R::Tn5,NB,100,100,1
5_4,Pa299R::Tn5,NB,61,100,0.61
5_4,Pa299R::Tn5,NB,80,100,0.8
5_4,Pa299R::Tn5,NB,62,100,0.62
5_4,Pa299R::Tn5,NB,113,100,1.13
5_4,Pa299R::Tn5,NB,61,100,0.61
5_4,Pa299R::Tn5,NB,89,100,0.89
5_4,Pa299R::Tn5,NB,88,100,0.88
5_4,Pa299R::Tn5,NB,80,100,0.8
5_4,Pa299R::Tn5,NB,75,100,0.75
5_4,Pa299R::Tn5,NB,76,100,0.76
5_4,Pa299R::Tn5,NB,83,100,0.83
5_4,Pa299R::Tn5,NB,71,100,0.71
5_4,Pa299R::Tn5,NB,72,100,0.72
5_4,Pa299R::Tn5,NB,88,100,0.88
5_4,Pa299R::Tn5,NB,82,100,0.82
5_4,Pa299R::Tn5,NB,92,100,0.92
5_4,Pa299R::Tn5,NB,77,100,0.77
5_4,Pa299R::Tn5,NB,85,100,0.85
5_4,Pa299R::Tn5,NB,60,100,0.6
5_4,Pa299R::Tn5,NB,91,100,0.91
5_4,Pa299R::Tn5,NB,73,100,0.73
5_4,Pa299R::Tn5,NB,69,100,0.69
5_4,Pa299R::Tn5,NB,82,100,0.82
5_4,Pa299R::Tn5,NB,81,100,0.81
5_4,Pa299R::Tn5,NB,60,100,0.6
5_4,Pa299R::Tn5,NB,61,100,0.61
5_4,Pa299R::Tn5,NB,69,100,0.69
5_4,Pa299R::Tn5,NB,72,100,0.72
5_4,Pa299R::Tn5,NB,68,100,0.68
5_4,Pa299R::Tn5,NB,87,100,0.87
6_1,Pa299R::Tn5,NB+Cm,100,100,1
6_1,Pa299R::Tn5,NB+Cm,86,100,0.86
6_1,Pa299R::Tn5,NB+Cm,107,100,1.07
6_1,Pa299R::Tn5,NB+Cm,126,100,1.26
6_1,Pa299R::Tn5,NB+Cm,74,100,0.74
6_1,Pa299R::Tn5,NB+Cm,16,100,0.16
6_1,Pa299R::Tn5,NB+Cm,49,100,0.49
6_1,Pa299R::Tn5,NB+Cm,50,100,0.5
6_1,Pa299R::Tn5,NB+Cm,25,100,0.25
6_1,Pa299R::Tn5,NB+Cm,19,100,0.19
6_1,Pa299R::Tn5,NB+Cm,31,100,0.31
6_1,Pa299R::Tn5,NB+Cm,34,100,0.34
6_1,Pa299R::Tn5,NB+Cm,13,100,0.13
6_1,Pa299R::Tn5,NB+Cm,27,100,0.27
6_1,Pa299R::Tn5,NB+Cm,90,100,0.9
6_1,Pa299R::Tn5,NB+Cm,28,100,0.28
6_1,Pa299R::Tn5,NB+Cm,133,100,1.33
6_2,Pa299R::Tn5,NB+Cm,116,100,1.16
6_2,Pa299R::Tn5,NB+Cm,117,100,1.17
6_2,Pa299R::Tn5,NB+Cm,113,100,1.13
6_2,Pa299R::Tn5,NB+Cm,112,100,1.12
6_2,Pa299R::Tn5,NB+Cm,118,100,1.18
6_2,Pa299R::Tn5,NB+Cm,113,100,1.13
6_2,Pa299R::Tn5,NB+Cm,74,100,0.74
6_2,Pa299R::Tn5,NB+Cm,81,100,0.81
6_2,Pa299R::Tn5,NB+Cm,87,100,0.87
6_3,Pa299R::Tn5,NB+Cm,46,100,0.46
6_3,Pa299R::Tn5,NB+Cm,178,100,1.78
6_3,Pa299R::Tn5,NB+Cm,102,100,1.02
6_3,Pa299R::Tn5,NB+Cm,128,100,1.28
6_3,Pa299R::Tn5,NB+Cm,144,100,1.44
6_3,Pa299R::Tn5,NB+Cm,84,100,0.84
6_3,Pa299R::Tn5,NB+Cm,105,100,1.05
6_3,Pa299R::Tn5,NB+Cm,46,100,0.46
6_3,Pa299R::Tn5,NB+Cm,71,100,0.71
6_4,Pa299R::Tn5,NB+Cm,76,100,0.76
6_4,Pa299R::Tn5,NB+Cm,77,100,0.77
6_4,Pa299R::Tn5,NB+Cm,82,100,0.82
6_4,Pa299R::Tn5,NB+Cm,61,100,0.61
6_4,Pa299R::Tn5,NB+Cm,82,100,0.82
6_4,Pa299R::Tn5,NB+Cm,50,100,0.5
6_4,Pa299R::Tn5,NB+Cm,87,100,0.87
6_4,Pa299R::Tn5,NB+Cm,98,100,0.98
6_4,Pa299R::Tn5,NB+Cm,64,100,0.64
6_4,Pa299R::Tn5,NB+Cm,83,100,0.83
6_4,Pa299R::Tn5,NB+Cm,84,100,0.84
6_4,Pa299R::Tn5,NB+Cm,89,100,0.89
6_4,Pa299R::Tn5,NB+Cm,63,100,0.63
6_4,Pa299R::Tn5,NB+Cm,77,100,0.77
6_4,Pa299R::Tn5,NB+Cm,73,100,0.73
6_4,Pa299R::Tn5,NB+Cm,85,100,0.85
6_4,Pa299R::Tn5,NB+Cm,64,100,0.64
6_4,Pa299R::Tn5,NB+Cm,84,100,0.84
6_4,Pa299R::Tn5,NB+Cm,56,100,0.56
6_5,Pa299R::Tn5,NB+Cm,103,100,1.03
6_5,Pa299R::Tn5,NB+Cm,88,100,0.88
6_5,Pa299R::Tn5,NB+Cm,95,100,0.95
6_5,Pa299R::Tn5,NB+Cm,114,100,1.14
6_5,Pa299R::Tn5,NB+Cm,94,100,0.94
6_5,Pa299R::Tn5,NB+Cm,86,100,0.86
6_5,Pa299R::Tn5,NB+Cm,87,100,0.87
6_5,Pa299R::Tn5,NB+Cm,99,100,0.99
6_5,Pa299R::Tn5,NB+Cm,124,100,1.24
6_5,Pa299R::Tn5,NB+Cm,143,100,1.43
6_5,Pa299R::Tn5,NB+Cm,88,100,0.88
6_5,Pa299R::Tn5,NB+Cm,103,100,1.03
6_5,Pa299R::Tn5,NB+Cm,155,100,1.55
6_5,Pa299R::Tn5,NB+Cm,92,100,0.92
6_5,Pa299R::Tn5,NB+Cm,97,100,0.97
6_5,Pa299R::Tn5,NB+Cm,98,100,0.98
6_5,Pa299R::Tn5,NB+Cm,107,100,1.07
6_5,Pa299R::Tn5,NB+Cm,125,100,1.25
6_5,Pa299R::Tn5,NB+Cm,95,100,0.95
6_5,Pa299R::Tn5,NB+Cm,96,100,0.96
6_5,Pa299R::Tn5,NB+Cm,106,100,1.06
6_5,Pa299R::Tn5,NB+Cm,96,100,0.96
6_5,Pa299R::Tn5,NB+Cm,98,100,0.98
6_5,Pa299R::Tn5,NB+Cm,120,100,1.2
6_5,Pa299R::Tn5,NB+Cm,103,100,1.03
6_6,Pa299R::Tn5,NB+Cm,135,100,1.35
6_6,Pa299R::Tn5,NB+Cm,104,100,1.04
6_6,Pa299R::Tn5,NB+Cm,104,100,1.04
6_6,Pa299R::Tn5,NB+Cm,156,100,1.56
6_6,Pa299R::Tn5,NB+Cm,117,100,1.17
6_6,Pa299R::Tn5,NB+Cm,134,100,1.34
6_6,Pa299R::Tn5,NB+Cm,135,100,1.35
6_6,Pa299R::Tn5,NB+Cm,137,100,1.37
6_6,Pa299R::Tn5,NB+Cm,127,100,1.27
6_6,Pa299R::Tn5,NB+Cm,99,100,0.99
6_6,Pa299R::Tn5,NB+Cm,105,100,1.05
6_6,Pa299R::Tn5,NB+Cm,156,100,1.56
6_6,Pa299R::Tn5,NB+Cm,115,100,1.15
6_6,Pa299R::Tn5,NB+Cm,127,100,1.27
6_6,Pa299R::Tn5,NB+Cm,155,100,1.55
6_6,Pa299R::Tn5,NB+Cm,120,100,1.2
6_6,Pa299R::Tn5,NB+Cm,121,100,1.21
6_6,Pa299R::Tn5,NB+Cm,117,100,1.17
6_6,Pa299R::Tn5,NB+Cm,110,100,1.1
6_6,Pa299R::Tn5,NB+Cm,121,100,1.21
6_6,Pa299R::Tn5,NB+Cm,131,100,1.31
6_6,Pa299R::Tn5,NB+Cm,109,100,1.09
6_6,Pa299R::Tn5,NB+Cm,162,100,1.62
6_6,Pa299R::Tn5,NB+Cm,126,100,1.26
6_6,Pa299R::Tn5,NB+Cm,98,100,0.98
6_6,Pa299R::Tn5,NB+Cm,144,100,1.44
6_6,Pa299R::Tn5,NB+Cm,103,100,1.03
6_6,Pa299R::Tn5,NB+Cm,112,100,1.12
6_6,Pa299R::Tn5,NB+Cm,136,100,1.36
7_1,Pa299R::Tn7,NB,62,100,0.62
7_1,Pa299R::Tn7,NB,100,100,1
7_1,Pa299R::Tn7,NB,104,100,1.04
7_1,Pa299R::Tn7,NB,106,100,1.06
7_1,Pa299R::Tn7,NB,82,100,0.82
7_1,Pa299R::Tn7,NB,63,100,0.63
7_1,Pa299R::Tn7,NB,78,100,0.78
7_1,Pa299R::Tn7,NB,75,100,0.75
7_1,Pa299R::Tn7,NB,90,100,0.9
7_1,Pa299R::Tn7,NB,98,100,0.98
7_1,Pa299R::Tn7,NB,86,100,0.86
7_1,Pa299R::Tn7,NB,64,100,0.64
7_1,Pa299R::Tn7,NB,91,100,0.91
7_1,Pa299R::Tn7,NB,67,100,0.67
7_1,Pa299R::Tn7,NB,91,100,0.91
7_1,Pa299R::Tn7,NB,90,100,0.9
7_1,Pa299R::Tn7,NB,77,100,0.77
7_1,Pa299R::Tn7,NB,90,100,0.9
7_1,Pa299R::Tn7,NB,76,100,0.76
7_1,Pa299R::Tn7,NB,99,100,0.99
7_1,Pa299R::Tn7,NB,88,100,0.88
7_1,Pa299R::Tn7,NB,88,100,0.88
7_1,Pa299R::Tn7,NB,63,100,0.63
7_1,Pa299R::Tn7,NB,100,100,1
7_1,Pa299R::Tn7,NB,65,100,0.65
7_1,Pa299R::Tn7,NB,133,100,1.33
7_1,Pa299R::Tn7,NB,81,100,0.81
7_1,Pa299R::Tn7,NB,69,100,0.69
7_1,Pa299R::Tn7,NB,92,100,0.92
7_1,Pa299R::Tn7,NB,98,100,0.98
7_1,Pa299R::Tn7,NB,81,100,0.81
7_1,Pa299R::Tn7,NB,86,100,0.86
7_1,Pa299R::Tn7,NB,62,100,0.62
7_1,Pa299R::Tn7,NB,91,100,0.91
7_1,Pa299R::Tn7,NB,95,100,0.95
7_1,Pa299R::Tn7,NB,117,100,1.17
7_1,Pa299R::Tn7,NB,102,100,1.02
7_1,Pa299R::Tn7,NB,74,100,0.74
7_1,Pa299R::Tn7,NB,76,100,0.76
7_1,Pa299R::Tn7,NB,85,100,0.85
7_1,Pa299R::Tn7,NB,93,100,0.93
7_1,Pa299R::Tn7,NB,75,100,0.75
7_1,Pa299R::Tn7,NB,71,100,0.71
7_1,Pa299R::Tn7,NB,105,100,1.05
7_1,Pa299R::Tn7,NB,75,100,0.75
7_1,Pa299R::Tn7,NB,62,100,0.62
7_1,Pa299R::Tn7,NB,95,100,0.95
7_1,Pa299R::Tn7,NB,64,100,0.64
7_1,Pa299R::Tn7,NB,62,100,0.62
7_1,Pa299R::Tn7,NB,62,100,0.62
7_2,Pa299R::Tn7,NB,49,100,0.49
7_2,Pa299R::Tn7,NB,94,100,0.94
7_2,Pa299R::Tn7,NB,63,100,0.63
7_2,Pa299R::Tn7,NB,123,100,1.23
7_2,Pa299R::Tn7,NB,78,100,0.78
7_2,Pa299R::Tn7,NB,87,100,0.87
7_2,Pa299R::Tn7,NB,90,100,0.9
7_2,Pa299R::Tn7,NB,66,100,0.66
7_2,Pa299R::Tn7,NB,89,100,0.89
7_2,Pa299R::Tn7,NB,101,100,1.01
7_2,Pa299R::Tn7,NB,60,100,0.6
7_2,Pa299R::Tn7,NB,71,100,0.71
7_2,Pa299R::Tn7,NB,109,100,1.09
7_2,Pa299R::Tn7,NB,80,100,0.8
7_2,Pa299R::Tn7,NB,99,100,0.99
7_2,Pa299R::Tn7,NB,93,100,0.93
7_2,Pa299R::Tn7,NB,64,100,0.64
7_2,Pa299R::Tn7,NB,62,100,0.62
7_2,Pa299R::Tn7,NB,60,100,0.6
7_2,Pa299R::Tn7,NB,91,100,0.91
7_2,Pa299R::Tn7,NB,79,100,0.79
7_2,Pa299R::Tn7,NB,65,100,0.65
7_2,Pa299R::Tn7,NB,94,100,0.94
7_2,Pa299R::Tn7,NB,62,100,0.62
7_2,Pa299R::Tn7,NB,82,100,0.82
7_2,Pa299R::Tn7,NB,60,100,0.6
7_2,Pa299R::Tn7,NB,70,100,0.7
7_2,Pa299R::Tn7,NB,92,100,0.92
7_2,Pa299R::Tn7,NB,101,100,1.01
7_2,Pa299R::Tn7,NB,115,100,1.15
7_2,Pa299R::Tn7,NB,60,100,0.6
7_2,Pa299R::Tn7,NB,59,100,0.59
7_2,Pa299R::Tn7,NB,70,100,0.7
7_2,Pa299R::Tn7,NB,83,100,0.83
7_2,Pa299R::Tn7,NB,96,100,0.96
7_2,Pa299R::Tn7,NB,83,100,0.83
7_2,Pa299R::Tn7,NB,75,100,0.75
7_2,Pa299R::Tn7,NB,106,100,1.06
7_2,Pa299R::Tn7,NB,72,100,0.72
7_2,Pa299R::Tn7,NB,83,100,0.83
7_2,Pa299R::Tn7,NB,63,100,0.63
7_2,Pa299R::Tn7,NB,74,100,0.74
7_2,Pa299R::Tn7,NB,105,100,1.05
7_2,Pa299R::Tn7,NB,74,100,0.74
7_2,Pa299R::Tn7,NB,65,100,0.65
7_2,Pa299R::Tn7,NB,59,100,0.59
7_2,Pa299R::Tn7,NB,67,100,0.67
7_2,Pa299R::Tn7,NB,64,100,0.64
7_2,Pa299R::Tn7,NB,74,100,0.74
7_2,Pa299R::Tn7,NB,83,100,0.83
7_2,Pa299R::Tn7,NB,84,100,0.84
7_2,Pa299R::Tn7,NB,63,100,0.63
7_2,Pa299R::Tn7,NB,59,100,0.59
7_3,Pa299R::Tn7,NB,57,100,0.57
7_3,Pa299R::Tn7,NB,80,100,0.8
7_3,Pa299R::Tn7,NB,74,100,0.74
7_3,Pa299R::Tn7,NB,112,100,1.12
7_3,Pa299R::Tn7,NB,85,100,0.85
7_3,Pa299R::Tn7,NB,108,100,1.08
7_3,Pa299R::Tn7,NB,144,100,1.44
7_3,Pa299R::Tn7,NB,104,100,1.04
7_3,Pa299R::Tn7,NB,67,100,0.67
7_3,Pa299R::Tn7,NB,135,100,1.35
7_3,Pa299R::Tn7,NB,80,100,0.8
7_3,Pa299R::Tn7,NB,72,100,0.72
7_3,Pa299R::Tn7,NB,108,100,1.08
7_3,Pa299R::Tn7,NB,111,100,1.11
7_3,Pa299R::Tn7,NB,113,100,1.13
7_3,Pa299R::Tn7,NB,95,100,0.95
7_3,Pa299R::Tn7,NB,67,100,0.67
7_3,Pa299R::Tn7,NB,72,100,0.72
7_3,Pa299R::Tn7,NB,116,100,1.16
7_3,Pa299R::Tn7,NB,69,100,0.69
7_3,Pa299R::Tn7,NB,135,100,1.35
7_3,Pa299R::Tn7,NB,103,100,1.03
7_3,Pa299R::Tn7,NB,99,100,0.99
7_3,Pa299R::Tn7,NB,99,100,0.99
7_3,Pa299R::Tn7,NB,97,100,0.97
7_3,Pa299R::Tn7,NB,99,100,0.99
7_3,Pa299R::Tn7,NB,93,100,0.93
7_3,Pa299R::Tn7,NB,93,100,0.93
7_3,Pa299R::Tn7,NB,74,100,0.74
7_3,Pa299R::Tn7,NB,102,100,1.02
7_3,Pa299R::Tn7,NB,100,100,1
7_3,Pa299R::Tn7,NB,133,100,1.33
7_3,Pa299R::Tn7,NB,135,100,1.35
7_3,Pa299R::Tn7,NB,106,100,1.06
7_3,Pa299R::Tn7,NB,107,100,1.07
7_3,Pa299R::Tn7,NB,101,100,1.01
7_3,Pa299R::Tn7,NB,82,100,0.82
7_3,Pa299R::Tn7,NB,104,100,1.04
7_3,Pa299R::Tn7,NB,121,100,1.21
7_3,Pa299R::Tn7,NB,105,100,1.05
7_3,Pa299R::Tn7,NB,127,100,1.27
7_3,Pa299R::Tn7,NB,96,100,0.96
7_3,Pa299R::Tn7,NB,84,100,0.84
7_3,Pa299R::Tn7,NB,108,100,1.08
7_3,Pa299R::Tn7,NB,102,100,1.02
7_3,Pa299R::Tn7,NB,106,100,1.06
7_3,Pa299R::Tn7,NB,88,100,0.88
7_3,Pa299R::Tn7,NB,92,100,0.92
7_3,Pa299R::Tn7,NB,104,100,1.04
7_3,Pa299R::Tn7,NB,73,100,0.73
7_3,Pa299R::Tn7,NB,75,100,0.75
7_3,Pa299R::Tn7,NB,68,100,0.68
7_3,Pa299R::Tn7,NB,64,100,0.64
7_3,Pa299R::Tn7,NB,124,100,1.24
7_3,Pa299R::Tn7,NB,117,100,1.17
7_3,Pa299R::Tn7,NB,99,100,0.99
7_3,Pa299R::Tn7,NB,85,100,0.85
7_3,Pa299R::Tn7,NB,112,100,1.12
7_3,Pa299R::Tn7,NB,88,100,0.88
7_3,Pa299R::Tn7,NB,104,100,1.04
7_3,Pa299R::Tn7,NB,112,100,1.12
7_3,Pa299R::Tn7,NB,75,100,0.75
7_3,Pa299R::Tn7,NB,70,100,0.7
7_3,Pa299R::Tn7,NB,108,100,1.08
7_3,Pa299R::Tn7,NB,92,100,0.92
7_4,Pa299R::Tn7,NB,123,100,1.23
7_4,Pa299R::Tn7,NB,57,100,0.57
7_4,Pa299R::Tn7,NB,85,100,0.85
7_4,Pa299R::Tn7,NB,92,100,0.92
7_4,Pa299R::Tn7,NB,100,100,1
7_4,Pa299R::Tn7,NB,79,100,0.79
7_4,Pa299R::Tn7,NB,81,100,0.81
7_4,Pa299R::Tn7,NB,90,100,0.9
7_4,Pa299R::Tn7,NB,91,100,0.91
7_4,Pa299R::Tn7,NB,112,100,1.12
7_4,Pa299R::Tn7,NB,80,100,0.8
7_4,Pa299R::Tn7,NB,87,100,0.87
7_4,Pa299R::Tn7,NB,57,100,0.57
7_4,Pa299R::Tn7,NB,70,100,0.7
7_4,Pa299R::Tn7,NB,69,100,0.69
7_4,Pa299R::Tn7,NB,57,100,0.57
7_4,Pa299R::Tn7,NB,77,100,0.77
7_4,Pa299R::Tn7,NB,73,100,0.73
7_4,Pa299R::Tn7,NB,60,100,0.6
7_4,Pa299R::Tn7,NB,66,100,0.66
7_4,Pa299R::Tn7,NB,59,100,0.59
7_4,Pa299R::Tn7,NB,86,100,0.86
7_4,Pa299R::Tn7,NB,94,100,0.94
7_4,Pa299R::Tn7,NB,91,100,0.91
7_4,Pa299R::Tn7,NB,77,100,0.77
7_4,Pa299R::Tn7,NB,76,100,0.76
7_4,Pa299R::Tn7,NB,61,100,0.61
7_4,Pa299R::Tn7,NB,84,100,0.84
7_4,Pa299R::Tn7,NB,60,100,0.6
7_4,Pa299R::Tn7,NB,72,100,0.72
7_4,Pa299R::Tn7,NB,75,100,0.75
7_4,Pa299R::Tn7,NB,65,100,0.65
7_4,Pa299R::Tn7,NB,75,100,0.75
7_4,Pa299R::Tn7,NB,65,100,0.65
7_4,Pa299R::Tn7,NB,91,100,0.91
7_4,Pa299R::Tn7,NB,63,100,0.63
7_4,Pa299R::Tn7,NB,72,100,0.72
7_4,Pa299R::Tn7,NB,71,100,0.71
7_4,Pa299R::Tn7,NB,63,100,0.63
7_4,Pa299R::Tn7,NB,75,100,0.75
7_4,Pa299R::Tn7,NB,61,100,0.61
7_4,Pa299R::Tn7,NB,62,100,0.62
7_4,Pa299R::Tn7,NB,90,100,0.9
8_1,Pa299R::Tn7,NB+Cm,92,100,0.92
8_1,Pa299R::Tn7,NB+Cm,77,100,0.77
8_1,Pa299R::Tn7,NB+Cm,106,100,1.06
8_1,Pa299R::Tn7,NB+Cm,97,100,0.97
8_1,Pa299R::Tn7,NB+Cm,91,100,0.91
8_1,Pa299R::Tn7,NB+Cm,80,100,0.8
8_1,Pa299R::Tn7,NB+Cm,85,100,0.85
8_1,Pa299R::Tn7,NB+Cm,75,100,0.75
8_1,Pa299R::Tn7,NB+Cm,103,100,1.03
8_1,Pa299R::Tn7,NB+Cm,102,100,1.02
8_1,Pa299R::Tn7,NB+Cm,77,100,0.77
8_1,Pa299R::Tn7,NB+Cm,100,100,1
8_1,Pa299R::Tn7,NB+Cm,84,100,0.84
8_1,Pa299R::Tn7,NB+Cm,102,100,1.02
8_1,Pa299R::Tn7,NB+Cm,101,100,1.01
8_1,Pa299R::Tn7,NB+Cm,78,100,0.78
8_1,Pa299R::Tn7,NB+Cm,75,100,0.75
8_1,Pa299R::Tn7,NB+Cm,92,100,0.92
8_1,Pa299R::Tn7,NB+Cm,97,100,0.97
8_1,Pa299R::Tn7,NB+Cm,110,100,1.1
8_1,Pa299R::Tn7,NB+Cm,95,100,0.95
8_1,Pa299R::Tn7,NB+Cm,96,100,0.96
8_1,Pa299R::Tn7,NB+Cm,103,100,1.03
8_1,Pa299R::Tn7,NB+Cm,109,100,1.09
8_1,Pa299R::Tn7,NB+Cm,90,100,0.9
8_1,Pa299R::Tn7,NB+Cm,85,100,0.85
8_1,Pa299R::Tn7,NB+Cm,74,100,0.74
8_1,Pa299R::Tn7,NB+Cm,97,100,0.97
8_1,Pa299R::Tn7,NB+Cm,78,100,0.78
8_1,Pa299R::Tn7,NB+Cm,84,100,0.84
8_1,Pa299R::Tn7,NB+Cm,108,100,1.08
8_1,Pa299R::Tn7,NB+Cm,115,100,1.15
8_1,Pa299R::Tn7,NB+Cm,95,100,0.95
8_1,Pa299R::Tn7,NB+Cm,76,100,0.76
8_1,Pa299R::Tn7,NB+Cm,91,100,0.91
8_1,Pa299R::Tn7,NB+Cm,78,100,0.78
8_1,Pa299R::Tn7,NB+Cm,112,100,1.12
8_1,Pa299R::Tn7,NB+Cm,114,100,1.14
8_1,Pa299R::Tn7,NB+Cm,88,100,0.88
8_1,Pa299R::Tn7,NB+Cm,121,100,1.21
8_1,Pa299R::Tn7,NB+Cm,97,100,0.97
8_1,Pa299R::Tn7,NB+Cm,107,100,1.07
8_1,Pa299R::Tn7,NB+Cm,90,100,0.9
8_1,Pa299R::Tn7,NB+Cm,94,100,0.94
8_1,Pa299R::Tn7,NB+Cm,96,100,0.96
8_1,Pa299R::Tn7,NB+Cm,109,100,1.09
8_1,Pa299R::Tn7,NB+Cm,101,100,1.01
8_1,Pa299R::Tn7,NB+Cm,135,100,1.35
8_1,Pa299R::Tn7,NB+Cm,74,100,0.74
8_1,Pa299R::Tn7,NB+Cm,101,100,1.01
8_1,Pa299R::Tn7,NB+Cm,82,100,0.82
8_1,Pa299R::Tn7,NB+Cm,78,100,0.78
8_1,Pa299R::Tn7,NB+Cm,76,100,0.76
8_1,Pa299R::Tn7,NB+Cm,109,100,1.09
8_1,Pa299R::Tn7,NB+Cm,93,100,0.93
8_1,Pa299R::Tn7,NB+Cm,109,100,1.09
8_1,Pa299R::Tn7,NB+Cm,122,100,1.22
8_1,Pa299R::Tn7,NB+Cm,91,100,0.91
8_1,Pa299R::Tn7,NB+Cm,88,100,0.88
8_1,Pa299R::Tn7,NB+Cm,98,100,0.98
8_1,Pa299R::Tn7,NB+Cm,84,100,0.84
8_1,Pa299R::Tn7,NB+Cm,119,100,1.19
8_1,Pa299R::Tn7,NB+Cm,108,100,1.08
8_1,Pa299R::Tn7,NB+Cm,104,100,1.04
8_1,Pa299R::Tn7,NB+Cm,88,100,0.88
8_1,Pa299R::Tn7,NB+Cm,96,100,0.96
8_1,Pa299R::Tn7,NB+Cm,127,100,1.27
8_1,Pa299R::Tn7,NB+Cm,99,100,0.99
8_1,Pa299R::Tn7,NB+Cm,113,100,1.13
8_1,Pa299R::Tn7,NB+Cm,90,100,0.9
8_1,Pa299R::Tn7,NB+Cm,92,100,0.92
8_1,Pa299R::Tn7,NB+Cm,101,100,1.01
8_1,Pa299R::Tn7,NB+Cm,76,100,0.76
8_1,Pa299R::Tn7,NB+Cm,138,100,1.38
8_1,Pa299R::Tn7,NB+Cm,91,100,0.91
8_1,Pa299R::Tn7,NB+Cm,124,100,1.24
8_1,Pa299R::Tn7,NB+Cm,91,100,0.91
8_1,Pa299R::Tn7,NB+Cm,90,100,0.9
8_1,Pa299R::Tn7,NB+Cm,75,100,0.75
8_1,Pa299R::Tn7,NB+Cm,115,100,1.15
8_1,Pa299R::Tn7,NB+Cm,124,100,1.24
8_1,Pa299R::Tn7,NB+Cm,74,100,0.74
8_1,Pa299R::Tn7,NB+Cm,74,100,0.74
8_1,Pa299R::Tn7,NB+Cm,97,100,0.97
8_1,Pa299R::Tn7,NB+Cm,100,100,1
8_1,Pa299R::Tn7,NB+Cm,120,100,1.2
8_1,Pa299R::Tn7,NB+Cm,94,100,0.94
8_1,Pa299R::Tn7,NB+Cm,92,100,0.92
8_1,Pa299R::Tn7,NB+Cm,86,100,0.86
8_1,Pa299R::Tn7,NB+Cm,90,100,0.9
8_1,Pa299R::Tn7,NB+Cm,92,100,0.92
8_2,Pa299R::Tn7,NB+Cm,95,100,0.95
8_2,Pa299R::Tn7,NB+Cm,87,100,0.87
8_2,Pa299R::Tn7,NB+Cm,94,100,0.94
8_2,Pa299R::Tn7,NB+Cm,81,100,0.81
8_2,Pa299R::Tn7,NB+Cm,71,100,0.71
8_2,Pa299R::Tn7,NB+Cm,74,100,0.74
8_2,Pa299R::Tn7,NB+Cm,105,100,1.05
8_2,Pa299R::Tn7,NB+Cm,78,100,0.78
8_2,Pa299R::Tn7,NB+Cm,89,100,0.89
8_2,Pa299R::Tn7,NB+Cm,75,100,0.75
8_2,Pa299R::Tn7,NB+Cm,97,100,0.97
8_2,Pa299R::Tn7,NB+Cm,76,100,0.76
8_2,Pa299R::Tn7,NB+Cm,74,100,0.74
8_2,Pa299R::Tn7,NB+Cm,77,100,0.77
8_2,Pa299R::Tn7,NB+Cm,72,100,0.72
8_2,Pa299R::Tn7,NB+Cm,98,100,0.98
8_2,Pa299R::Tn7,NB+Cm,74,100,0.74
8_2,Pa299R::Tn7,NB+Cm,89,100,0.89
8_2,Pa299R::Tn7,NB+Cm,75,100,0.75
8_2,Pa299R::Tn7,NB+Cm,70,100,0.7
8_2,Pa299R::Tn7,NB+Cm,94,100,0.94
8_2,Pa299R::Tn7,NB+Cm,80,100,0.8
8_2,Pa299R::Tn7,NB+Cm,81,100,0.81
8_2,Pa299R::Tn7,NB+Cm,115,100,1.15
8_2,Pa299R::Tn7,NB+Cm,117,100,1.17
8_2,Pa299R::Tn7,NB+Cm,107,100,1.07
8_2,Pa299R::Tn7,NB+Cm,84,100,0.84
8_2,Pa299R::Tn7,NB+Cm,108,100,1.08
8_2,Pa299R::Tn7,NB+Cm,80,100,0.8
8_2,Pa299R::Tn7,NB+Cm,89,100,0.89
8_2,Pa299R::Tn7,NB+Cm,101,100,1.01
8_2,Pa299R::Tn7,NB+Cm,95,100,0.95
8_2,Pa299R::Tn7,NB+Cm,110,100,1.1
8_2,Pa299R::Tn7,NB+Cm,86,100,0.86
8_2,Pa299R::Tn7,NB+Cm,79,100,0.79
8_2,Pa299R::Tn7,NB+Cm,99,100,0.99
8_2,Pa299R::Tn7,NB+Cm,105,100,1.05
8_2,Pa299R::Tn7,NB+Cm,85,100,0.85
8_2,Pa299R::Tn7,NB+Cm,81,100,0.81
8_2,Pa299R::Tn7,NB+Cm,106,100,1.06
8_2,Pa299R::Tn7,NB+Cm,83,100,0.83
8_2,Pa299R::Tn7,NB+Cm,90,100,0.9
8_2,Pa299R::Tn7,NB+Cm,76,100,0.76
8_2,Pa299R::Tn7,NB+Cm,90,100,0.9
8_2,Pa299R::Tn7,NB+Cm,79,100,0.79
8_2,Pa299R::Tn7,NB+Cm,83,100,0.83
8_2,Pa299R::Tn7,NB+Cm,84,100,0.84
8_2,Pa299R::Tn7,NB+Cm,74,100,0.74
8_2,Pa299R::Tn7,NB+Cm,69,100,0.69
8_2,Pa299R::Tn7,NB+Cm,74,100,0.74
8_2,Pa299R::Tn7,NB+Cm,102,100,1.02
8_2,Pa299R::Tn7,NB+Cm,82,100,0.82
8_2,Pa299R::Tn7,NB+Cm,100,100,1
8_2,Pa299R::Tn7,NB+Cm,97,100,0.97
8_2,Pa299R::Tn7,NB+Cm,99,100,0.99
8_2,Pa299R::Tn7,NB+Cm,98,100,0.98
8_2,Pa299R::Tn7,NB+Cm,89,100,0.89
8_2,Pa299R::Tn7,NB+Cm,77,100,0.77
8_2,Pa299R::Tn7,NB+Cm,88,100,0.88
8_2,Pa299R::Tn7,NB+Cm,98,100,0.98
8_2,Pa299R::Tn7,NB+Cm,85,100,0.85
8_2,Pa299R::Tn7,NB+Cm,107,100,1.07
8_2,Pa299R::Tn7,NB+Cm,72,100,0.72
8_2,Pa299R::Tn7,NB+Cm,84,100,0.84
8_2,Pa299R::Tn7,NB+Cm,79,100,0.79
8_2,Pa299R::Tn7,NB+Cm,70,100,0.7
8_2,Pa299R::Tn7,NB+Cm,83,100,0.83
8_2,Pa299R::Tn7,NB+Cm,90,100,0.9
8_2,Pa299R::Tn7,NB+Cm,100,100,1
8_2,Pa299R::Tn7,NB+Cm,101,100,1.01
8_2,Pa299R::Tn7,NB+Cm,80,100,0.8
8_2,Pa299R::Tn7,NB+Cm,101,100,1.01
8_2,Pa299R::Tn7,NB+Cm,89,100,0.89
8_2,Pa299R::Tn7,NB+Cm,99,100,0.99
8_2,Pa299R::Tn7,NB+Cm,83,100,0.83
8_2,Pa299R::Tn7,NB+Cm,93,100,0.93
8_2,Pa299R::Tn7,NB+Cm,87,100,0.87
8_2,Pa299R::Tn7,NB+Cm,69,100,0.69
8_2,Pa299R::Tn7,NB+Cm,72,100,0.72
8_2,Pa299R::Tn7,NB+Cm,69,100,0.69
8_2,Pa299R::Tn7,NB+Cm,70,100,0.7
8_2,Pa299R::Tn7,NB+Cm,69,100,0.69
8_2,Pa299R::Tn7,NB+Cm,77,100,0.77
8_2,Pa299R::Tn7,NB+Cm,94,100,0.94
8_2,Pa299R::Tn7,NB+Cm,85,100,0.85
8_2,Pa299R::Tn7,NB+Cm,94,100,0.94
8_2,Pa299R::Tn7,NB+Cm,94,100,0.94
8_2,Pa299R::Tn7,NB+Cm,80,100,0.8
8_2,Pa299R::Tn7,NB+Cm,69,100,0.69
8_2,Pa299R::Tn7,NB+Cm,91,100,0.91
8_2,Pa299R::Tn7,NB+Cm,86,100,0.86
8_2,Pa299R::Tn7,NB+Cm,101,100,1.01
8_2,Pa299R::Tn7,NB+Cm,77,100,0.77
8_2,Pa299R::Tn7,NB+Cm,89,100,0.89
8_2,Pa299R::Tn7,NB+Cm,69,100,0.69
8_2,Pa299R::Tn7,NB+Cm,71,100,0.71
8_2,Pa299R::Tn7,NB+Cm,85,100,0.85
8_2,Pa299R::Tn7,NB+Cm,89,100,0.89
8_2,Pa299R::Tn7,NB+Cm,104,100,1.04
8_2,Pa299R::Tn7,NB+Cm,97,100,0.97
8_2,Pa299R::Tn7,NB+Cm,77,100,0.77
8_2,Pa299R::Tn7,NB+Cm,80,100,0.8
8_2,Pa299R::Tn7,NB+Cm,89,100,0.89
8_2,Pa299R::Tn7,NB+Cm,120,100,1.2
8_2,Pa299R::Tn7,NB+Cm,102,100,1.02
8_2,Pa299R::Tn7,NB+Cm,78,100,0.78
8_2,Pa299R::Tn7,NB+Cm,97,100,0.97
8_2,Pa299R::Tn7,NB+Cm,70,100,0.7
8_2,Pa299R::Tn7,NB+Cm,91,100,0.91
8_2,Pa299R::Tn7,NB+Cm,90,100,0.9
8_2,Pa299R::Tn7,NB+Cm,74,100,0.74
8_2,Pa299R::Tn7,NB+Cm,96,100,0.96
8_2,Pa299R::Tn7,NB+Cm,109,100,1.09
8_2,Pa299R::Tn7,NB+Cm,74,100,0.74
8_2,Pa299R::Tn7,NB+Cm,88,100,0.88
8_2,Pa299R::Tn7,NB+Cm,69,100,0.69
8_2,Pa299R::Tn7,NB+Cm,93,100,0.93
8_2,Pa299R::Tn7,NB+Cm,76,100,0.76
8_2,Pa299R::Tn7,NB+Cm,88,100,0.88
8_2,Pa299R::Tn7,NB+Cm,92,100,0.92
8_2,Pa299R::Tn7,NB+Cm,91,100,0.91
8_2,Pa299R::Tn7,NB+Cm,85,100,0.85
8_2,Pa299R::Tn7,NB+Cm,80,100,0.8
8_2,Pa299R::Tn7,NB+Cm,112,100,1.12
8_2,Pa299R::Tn7,NB+Cm,97,100,0.97
8_2,Pa299R::Tn7,NB+Cm,102,100,1.02
8_2,Pa299R::Tn7,NB+Cm,92,100,0.92
8_2,Pa299R::Tn7,NB+Cm,89,100,0.89
8_2,Pa299R::Tn7,NB+Cm,90,100,0.9
8_2,Pa299R::Tn7,NB+Cm,78,100,0.78
8_2,Pa299R::Tn7,NB+Cm,134,100,1.34
8_2,Pa299R::Tn7,NB+Cm,103,100,1.03
8_2,Pa299R::Tn7,NB+Cm,84,100,0.84
8_2,Pa299R::Tn7,NB+Cm,92,100,0.92
8_2,Pa299R::Tn7,NB+Cm,72,100,0.72
8_2,Pa299R::Tn7,NB+Cm,86,100,0.86
8_2,Pa299R::Tn7,NB+Cm,95,100,0.95
8_2,Pa299R::Tn7,NB+Cm,81,100,0.81
8_2,Pa299R::Tn7,NB+Cm,77,100,0.77
8_2,Pa299R::Tn7,NB+Cm,83,100,0.83
8_2,Pa299R::Tn7,NB+Cm,88,100,0.88
8_2,Pa299R::Tn7,NB+Cm,76,100,0.76
8_2,Pa299R::Tn7,NB+Cm,95,100,0.95
8_2,Pa299R::Tn7,NB+Cm,80,100,0.8
8_2,Pa299R::Tn7,NB+Cm,81,100,0.81
8_2,Pa299R::Tn7,NB+Cm,86,100,0.86
8_2,Pa299R::Tn7,NB+Cm,106,100,1.06
8_2,Pa299R::Tn7,NB+Cm,81,100,0.81
8_2,Pa299R::Tn7,NB+Cm,84,100,0.84
8_2,Pa299R::Tn7,NB+Cm,93,100,0.93
8_2,Pa299R::Tn7,NB+Cm,92,100,0.92
8_2,Pa299R::Tn7,NB+Cm,90,100,0.9
8_2,Pa299R::Tn7,NB+Cm,95,100,0.95
8_2,Pa299R::Tn7,NB+Cm,128,100,1.28
8_2,Pa299R::Tn7,NB+Cm,77,100,0.77
8_2,Pa299R::Tn7,NB+Cm,73,100,0.73
8_2,Pa299R::Tn7,NB+Cm,88,100,0.88
8_2,Pa299R::Tn7,NB+Cm,85,100,0.85
8_2,Pa299R::Tn7,NB+Cm,72,100,0.72
8_2,Pa299R::Tn7,NB+Cm,83,100,0.83
8_2,Pa299R::Tn7,NB+Cm,86,100,0.86
8_2,Pa299R::Tn7,NB+Cm,83,100,0.83
8_2,Pa299R::Tn7,NB+Cm,78,100,0.78
8_2,Pa299R::Tn7,NB+Cm,82,100,0.82
8_2,Pa299R::Tn7,NB+Cm,70,100,0.7
8_2,Pa299R::Tn7,NB+Cm,94,100,0.94
8_2,Pa299R::Tn7,NB+Cm,81,100,0.81
8_2,Pa299R::Tn7,NB+Cm,78,100,0.78
8_2,Pa299R::Tn7,NB+Cm,77,100,0.77
8_2,Pa299R::Tn7,NB+Cm,75,100,0.75
8_2,Pa299R::Tn7,NB+Cm,90,100,0.9
8_2,Pa299R::Tn7,NB+Cm,73,100,0.73
8_2,Pa299R::Tn7,NB+Cm,84,100,0.84
8_2,Pa299R::Tn7,NB+Cm,92,100,0.92
8_2,Pa299R::Tn7,NB+Cm,100,100,1
8_2,Pa299R::Tn7,NB+Cm,72,100,0.72
8_2,Pa299R::Tn7,NB+Cm,78,100,0.78
8_2,Pa299R::Tn7,NB+Cm,80,100,0.8
8_2,Pa299R::Tn7,NB+Cm,94,100,0.94
8_2,Pa299R::Tn7,NB+Cm,107,100,1.07
8_2,Pa299R::Tn7,NB+Cm,110,100,1.1
8_2,Pa299R::Tn7,NB+Cm,70,100,0.7
8_2,Pa299R::Tn7,NB+Cm,78,100,0.78
8_2,Pa299R::Tn7,NB+Cm,81,100,0.81
8_2,Pa299R::Tn7,NB+Cm,80,100,0.8
8_2,Pa299R::Tn7,NB+Cm,87,100,0.87
8_2,Pa299R::Tn7,NB+Cm,86,100,0.86
8_2,Pa299R::Tn7,NB+Cm,71,100,0.71
8_2,Pa299R::Tn7,NB+Cm,70,100,0.7
8_2,Pa299R::Tn7,NB+Cm,69,100,0.69
8_2,Pa299R::Tn7,NB+Cm,72,100,0.72
8_2,Pa299R::Tn7,NB+Cm,87,100,0.87
8_2,Pa299R::Tn7,NB+Cm,70,100,0.7
8_2,Pa299R::Tn7,NB+Cm,91,100,0.91
8_2,Pa299R::Tn7,NB+Cm,94,100,0.94
8_2,Pa299R::Tn7,NB+Cm,72,100,0.72
8_2,Pa299R::Tn7,NB+Cm,77,100,0.77
8_3,Pa299R::Tn7,NB+Cm,86,100,0.86
8_3,Pa299R::Tn7,NB+Cm,75,100,0.75
8_3,Pa299R::Tn7,NB+Cm,82,100,0.82
8_3,Pa299R::Tn7,NB+Cm,72,100,0.72
8_3,Pa299R::Tn7,NB+Cm,59,100,0.59
8_3,Pa299R::Tn7,NB+Cm,59,100,0.59
8_3,Pa299R::Tn7,NB+Cm,81,100,0.81
8_3,Pa299R::Tn7,NB+Cm,75,100,0.75
8_3,Pa299R::Tn7,NB+Cm,95,100,0.95
8_3,Pa299R::Tn7,NB+Cm,81,100,0.81
8_3,Pa299R::Tn7,NB+Cm,86,100,0.86
8_3,Pa299R::Tn7,NB+Cm,89,100,0.89
8_3,Pa299R::Tn7,NB+Cm,88,100,0.88
8_3,Pa299R::Tn7,NB+Cm,72,100,0.72
8_3,Pa299R::Tn7,NB+Cm,77,100,0.77
8_3,Pa299R::Tn7,NB+Cm,82,100,0.82
8_3,Pa299R::Tn7,NB+Cm,82,100,0.82
8_3,Pa299R::Tn7,NB+Cm,74,100,0.74
8_3,Pa299R::Tn7,NB+Cm,68,100,0.68
8_3,Pa299R::Tn7,NB+Cm,83,100,0.83
8_3,Pa299R::Tn7,NB+Cm,83,100,0.83
8_3,Pa299R::Tn7,NB+Cm,99,100,0.99
8_3,Pa299R::Tn7,NB+Cm,90,100,0.9
8_3,Pa299R::Tn7,NB+Cm,81,100,0.81
8_3,Pa299R::Tn7,NB+Cm,75,100,0.75
8_3,Pa299R::Tn7,NB+Cm,95,100,0.95
8_3,Pa299R::Tn7,NB+Cm,90,100,0.9
8_3,Pa299R::Tn7,NB+Cm,91,100,0.91
8_3,Pa299R::Tn7,NB+Cm,97,100,0.97
8_3,Pa299R::Tn7,NB+Cm,95,100,0.95
8_3,Pa299R::Tn7,NB+Cm,85,100,0.85
8_3,Pa299R::Tn7,NB+Cm,78,100,0.78
8_3,Pa299R::Tn7,NB+Cm,90,100,0.9
8_3,Pa299R::Tn7,NB+Cm,78,100,0.78
8_3,Pa299R::Tn7,NB+Cm,68,100,0.68
8_3,Pa299R::Tn7,NB+Cm,106,100,1.06
8_3,Pa299R::Tn7,NB+Cm,85,100,0.85
8_3,Pa299R::Tn7,NB+Cm,90,100,0.9
8_3,Pa299R::Tn7,NB+Cm,64,100,0.64
8_3,Pa299R::Tn7,NB+Cm,89,100,0.89
8_3,Pa299R::Tn7,NB+Cm,90,100,0.9
8_3,Pa299R::Tn7,NB+Cm,76,100,0.76
8_3,Pa299R::Tn7,NB+Cm,59,100,0.59
8_3,Pa299R::Tn7,NB+Cm,76,100,0.76
8_3,Pa299R::Tn7,NB+Cm,67,100,0.67
8_3,Pa299R::Tn7,NB+Cm,85,100,0.85
8_3,Pa299R::Tn7,NB+Cm,60,100,0.6
8_3,Pa299R::Tn7,NB+Cm,74,100,0.74
8_3,Pa299R::Tn7,NB+Cm,93,100,0.93
8_3,Pa299R::Tn7,NB+Cm,62,100,0.62
8_3,Pa299R::Tn7,NB+Cm,85,100,0.85
8_3,Pa299R::Tn7,NB+Cm,60,100,0.6
8_3,Pa299R::Tn7,NB+Cm,88,100,0.88
8_3,Pa299R::Tn7,NB+Cm,71,100,0.71
8_3,Pa299R::Tn7,NB+Cm,78,100,0.78
8_3,Pa299R::Tn7,NB+Cm,97,100,0.97
8_3,Pa299R::Tn7,NB+Cm,84,100,0.84
8_3,Pa299R::Tn7,NB+Cm,89,100,0.89
8_3,Pa299R::Tn7,NB+Cm,61,100,0.61
8_3,Pa299R::Tn7,NB+Cm,75,100,0.75
8_3,Pa299R::Tn7,NB+Cm,72,100,0.72
8_3,Pa299R::Tn7,NB+Cm,76,100,0.76
8_3,Pa299R::Tn7,NB+Cm,82,100,0.82
8_3,Pa299R::Tn7,NB+Cm,87,100,0.87
8_3,Pa299R::Tn7,NB+Cm,69,100,0.69
8_3,Pa299R::Tn7,NB+Cm,119,100,1.19
8_3,Pa299R::Tn7,NB+Cm,85,100,0.85
8_3,Pa299R::Tn7,NB+Cm,101,100,1.01
8_3,Pa299R::Tn7,NB+Cm,59,100,0.59
8_3,Pa299R::Tn7,NB+Cm,64,100,0.64
8_3,Pa299R::Tn7,NB+Cm,105,100,1.05
8_3,Pa299R::Tn7,NB+Cm,61,100,0.61
8_3,Pa299R::Tn7,NB+Cm,69,100,0.69
8_3,Pa299R::Tn7,NB+Cm,85,100,0.85
8_3,Pa299R::Tn7,NB+Cm,102,100,1.02
8_3,Pa299R::Tn7,NB+Cm,84,100,0.84
8_3,Pa299R::Tn7,NB+Cm,83,100,0.83
8_3,Pa299R::Tn7,NB+Cm,124,100,1.24
8_3,Pa299R::Tn7,NB+Cm,76,100,0.76
8_3,Pa299R::Tn7,NB+Cm,72,100,0.72
8_3,Pa299R::Tn7,NB+Cm,90,100,0.9
8_3,Pa299R::Tn7,NB+Cm,90,100,0.9
8_3,Pa299R::Tn7,NB+Cm,61,100,0.61
8_3,Pa299R::Tn7,NB+Cm,84,100,0.84
8_3,Pa299R::Tn7,NB+Cm,97,100,0.97
8_3,Pa299R::Tn7,NB+Cm,74,100,0.74
8_3,Pa299R::Tn7,NB+Cm,86,100,0.86
8_3,Pa299R::Tn7,NB+Cm,76,100,0.76
8_3,Pa299R::Tn7,NB+Cm,86,100,0.86
8_3,Pa299R::Tn7,NB+Cm,83,100,0.83
8_3,Pa299R::Tn7,NB+Cm,92,100,0.92
8_3,Pa299R::Tn7,NB+Cm,80,100,0.8
8_3,Pa299R::Tn7,NB+Cm,65,100,0.65
8_3,Pa299R::Tn7,NB+Cm,87,100,0.87
8_3,Pa299R::Tn7,NB+Cm,60,100,0.6
8_3,Pa299R::Tn7,NB+Cm,91,100,0.91
8_3,Pa299R::Tn7,NB+Cm,62,100,0.62
8_3,Pa299R::Tn7,NB+Cm,66,100,0.66
8_3,Pa299R::Tn7,NB+Cm,65,100,0.65
8_3,Pa299R::Tn7,NB+Cm,91,100,0.91
8_3,Pa299R::Tn7,NB+Cm,65,100,0.65
8_3,Pa299R::Tn7,NB+Cm,65,100,0.65
8_3,Pa299R::Tn7,NB+Cm,82,100,0.82
8_3,Pa299R::Tn7,NB+Cm,71,100,0.71
8_3,Pa299R::Tn7,NB+Cm,77,100,0.77
8_3,Pa299R::Tn7,NB+Cm,69,100,0.69
8_3,Pa299R::Tn7,NB+Cm,60,100,0.6
8_3,Pa299R::Tn7,NB+Cm,65,100,0.65
8_3,Pa299R::Tn7,NB+Cm,67,100,0.67
8_3,Pa299R::Tn7,NB+Cm,98,100,0.98
8_3,Pa299R::Tn7,NB+Cm,101,100,1.01
8_3,Pa299R::Tn7,NB+Cm,77,100,0.77
8_3,Pa299R::Tn7,NB+Cm,68,100,0.68
8_3,Pa299R::Tn7,NB+Cm,60,100,0.6
8_3,Pa299R::Tn7,NB+Cm,76,100,0.76
8_3,Pa299R::Tn7,NB+Cm,60,100,0.6
8_3,Pa299R::Tn7,NB+Cm,77,100,0.77
8_3,Pa299R::Tn7,NB+Cm,69,100,0.69
8_3,Pa299R::Tn7,NB+Cm,75,100,0.75
8_3,Pa299R::Tn7,NB+Cm,66,100,0.66
8_3,Pa299R::Tn7,NB+Cm,64,100,0.64
8_3,Pa299R::Tn7,NB+Cm,84,100,0.84
8_3,Pa299R::Tn7,NB+Cm,106,100,1.06
8_3,Pa299R::Tn7,NB+Cm,67,100,0.67
8_3,Pa299R::Tn7,NB+Cm,86,100,0.86
8_3,Pa299R::Tn7,NB+Cm,59,100,0.59
8_3,Pa299R::Tn7,NB+Cm,60,100,0.6
8_3,Pa299R::Tn7,NB+Cm,74,100,0.74
8_3,Pa299R::Tn7,NB+Cm,65,100,0.65
8_3,Pa299R::Tn7,NB+Cm,65,100,0.65
8_3,Pa299R::Tn7,NB+Cm,78,100,0.78
8_3,Pa299R::Tn7,NB+Cm,69,100,0.69
8_3,Pa299R::Tn7,NB+Cm,92,100,0.92
8_3,Pa299R::Tn7,NB+Cm,91,100,0.91
8_3,Pa299R::Tn7,NB+Cm,83,100,0.83
8_3,Pa299R::Tn7,NB+Cm,73,100,0.73
8_3,Pa299R::Tn7,NB+Cm,89,100,0.89
8_3,Pa299R::Tn7,NB+Cm,67,100,0.67
8_3,Pa299R::Tn7,NB+Cm,79,100,0.79
8_3,Pa299R::Tn7,NB+Cm,92,100,0.92
8_3,Pa299R::Tn7,NB+Cm,80,100,0.8
8_3,Pa299R::Tn7,NB+Cm,80,100,0.8
8_3,Pa299R::Tn7,NB+Cm,69,100,0.69
8_3,Pa299R::Tn7,NB+Cm,83,100,0.83
8_3,Pa299R::Tn7,NB+Cm,62,100,0.62
8_3,Pa299R::Tn7,NB+Cm,88,100,0.88
8_3,Pa299R::Tn7,NB+Cm,61,100,0.61
8_3,Pa299R::Tn7,NB+Cm,85,100,0.85
8_3,Pa299R::Tn7,NB+Cm,70,100,0.7
8_3,Pa299R::Tn7,NB+Cm,82,100,0.82
8_3,Pa299R::Tn7,NB+Cm,76,100,0.76
8_3,Pa299R::Tn7,NB+Cm,61,100,0.61
8_3,Pa299R::Tn7,NB+Cm,89,100,0.89
8_3,Pa299R::Tn7,NB+Cm,95,100,0.95
8_3,Pa299R::Tn7,NB+Cm,84,100,0.84
8_3,Pa299R::Tn7,NB+Cm,84,100,0.84
8_3,Pa299R::Tn7,NB+Cm,82,100,0.82
8_3,Pa299R::Tn7,NB+Cm,90,100,0.9
8_3,Pa299R::Tn7,NB+Cm,89,100,0.89
8_3,Pa299R::Tn7,NB+Cm,92,100,0.92
8_3,Pa299R::Tn7,NB+Cm,71,100,0.71
8_3,Pa299R::Tn7,NB+Cm,83,100,0.83
8_3,Pa299R::Tn7,NB+Cm,71,100,0.71
8_3,Pa299R::Tn7,NB+Cm,75,100,0.75
8_3,Pa299R::Tn7,NB+Cm,89,100,0.89
8_3,Pa299R::Tn7,NB+Cm,79,100,0.79
8_3,Pa299R::Tn7,NB+Cm,82,100,0.82
8_3,Pa299R::Tn7,NB+Cm,68,100,0.68
8_3,Pa299R::Tn7,NB+Cm,72,100,0.72
8_3,Pa299R::Tn7,NB+Cm,73,100,0.73
8_3,Pa299R::Tn7,NB+Cm,86,100,0.86
8_3,Pa299R::Tn7,NB+Cm,99,100,0.99
8_3,Pa299R::Tn7,NB+Cm,74,100,0.74